/*
SQLyog Ultimate v12.08 (32 bit)
MySQL - 5.7.26 : Database - zhoubao
*********************************************************************
*/


/*!40101 SET NAMES utf8 */;

/*!40101 SET SQL_MODE=''*/;

/*!40014 SET @OLD_UNIQUE_CHECKS=@@UNIQUE_CHECKS, UNIQUE_CHECKS=0 */;
/*!40014 SET @OLD_FOREIGN_KEY_CHECKS=@@FOREIGN_KEY_CHECKS, FOREIGN_KEY_CHECKS=0 */;
/*!40101 SET @OLD_SQL_MODE=@@SQL_MODE, SQL_MODE='NO_AUTO_VALUE_ON_ZERO' */;
/*!40111 SET @OLD_SQL_NOTES=@@SQL_NOTES, SQL_NOTES=0 */;
CREATE DATABASE /*!32312 IF NOT EXISTS*/`zhoubao` /*!40100 DEFAULT CHARACTER SET utf8 */;

USE `zhoubao`;

/*Table structure for table `admin` */

DROP TABLE IF EXISTS `admin`;

CREATE TABLE `admin` (
  `id` int(11) NOT NULL AUTO_INCREMENT,
  `name` varchar(255) DEFAULT NULL,
  `pwd` varchar(255) DEFAULT NULL,
  `nickname` varchar(255) DEFAULT NULL,
  PRIMARY KEY (`id`)
) ENGINE=MyISAM AUTO_INCREMENT=3 DEFAULT CHARSET=utf8 ROW_FORMAT=DYNAMIC;

/*Data for the table `admin` */

/*Table structure for table `contract` */

DROP TABLE IF EXISTS `contract`;

CREATE TABLE `contract` (
  `id` int(11) NOT NULL AUTO_INCREMENT,
  `userid` varchar(255) NOT NULL DEFAULT '',
  `conname` varchar(255) DEFAULT NULL COMMENT '合同名称',
  `url` varchar(255) DEFAULT NULL,
  `partya` varchar(255) DEFAULT NULL,
  `partyb` varchar(255) DEFAULT NULL,
  `partyatel` varchar(255) DEFAULT NULL,
  `partybtel` varchar(255) DEFAULT NULL,
  `starttime` timestamp NULL DEFAULT NULL,
  `paytime` timestamp NULL DEFAULT NULL,
  `pay` varchar(255) DEFAULT NULL,
  `paytime1` timestamp NULL DEFAULT NULL,
  `pay1` varchar(255) DEFAULT NULL,
  `paytime2` timestamp NULL DEFAULT NULL,
  `pay2` varchar(255) DEFAULT NULL,
  `paytime3` timestamp NULL DEFAULT NULL,
  `pay3` varchar(255) DEFAULT NULL,
  `istrue` varchar(255) DEFAULT '0',
  `beizhu` text,
  `leadtime` timestamp NULL DEFAULT NULL,
  `isjia` varchar(255) DEFAULT '0' COMMENT '0jia1yi',
  PRIMARY KEY (`id`)
) ENGINE=MyISAM DEFAULT CHARSET=utf8 COMMENT='合同';

/*Data for the table `contract` */

/*Table structure for table `dep` */

DROP TABLE IF EXISTS `dep`;

CREATE TABLE `dep` (
  `id` int(11) NOT NULL AUTO_INCREMENT,
  `depname` varchar(255) DEFAULT '',
  `userid` varchar(255) DEFAULT '',
  PRIMARY KEY (`id`)
) ENGINE=MyISAM AUTO_INCREMENT=11 DEFAULT CHARSET=utf8 ROW_FORMAT=DYNAMIC;

/*Data for the table `dep` */

insert  into `dep`(`id`,`depname`,`userid`) values (1,'公司1','20'),(2,'公司2','19'),(3,'公司3','18'),(10,'公司4','42');

/*Table structure for table `liucheng` */

DROP TABLE IF EXISTS `liucheng`;

CREATE TABLE `liucheng` (
  `id` int(11) NOT NULL AUTO_INCREMENT,
  `shenpi_id` int(11) DEFAULT '0',
  `instep` int(11) DEFAULT '0',
  `nextstep` int(11) DEFAULT '0',
  `time` timestamp NULL DEFAULT CURRENT_TIMESTAMP ON UPDATE CURRENT_TIMESTAMP,
  `content` text,
  `agree` varchar(255) DEFAULT NULL,
  PRIMARY KEY (`id`)
) ENGINE=MyISAM AUTO_INCREMENT=4 DEFAULT CHARSET=utf8 COMMENT='流程';

/*Data for the table `liucheng` */

insert  into `liucheng`(`id`,`shenpi_id`,`instep`,`nextstep`,`time`,`content`,`agree`) values (1,1,18,8,'2018-05-09 10:40:35',NULL,NULL),(2,2,18,14,'2018-05-09 10:40:48',NULL,NULL),(3,2,14,14,'2018-05-09 10:52:52','1','1');

/*Table structure for table `ribao` */

DROP TABLE IF EXISTS `ribao`;

CREATE TABLE `ribao` (
  `id` int(11) NOT NULL AUTO_INCREMENT,
  `content` text COMMENT '内容',
  `userid` varchar(255) DEFAULT '' COMMENT '人员id',
  `depid` varchar(255) DEFAULT NULL COMMENT '部门id',
  `fid` varchar(255) DEFAULT '' COMMENT '默认0',
  `time` timestamp NULL DEFAULT CURRENT_TIMESTAMP,
  `problem` text NOT NULL,
  `beizhu` text NOT NULL,
  PRIMARY KEY (`id`)
) ENGINE=MyISAM AUTO_INCREMENT=157 DEFAULT CHARSET=utf8;

/*Data for the table `ribao` */

insert  into `ribao`(`id`,`content`,`userid`,`depid`,`fid`,`time`,`problem`,`beizhu`) values (40,'整理奥德集团业务相关背景资料','25','10','0','2018-04-09 17:40:33','',''),(41,'1, 添加京立项目库管理系统的“浏览器标签图标”；\n2，优化项目库管理系统的其他代码；\n3，整理优化会议签到系统代码。','24','2','0','2018-04-09 17:47:40','',''),(42,'1.修改贷款管理系统的标签，页面对齐。\n2.尝试进行下载文件。','31','2','0','2018-04-09 17:47:46','',''),(43,'1.修改京立项目库主题颜色\n2.修改 新增、修改、 查看页面的排版布局。\n3.研究 媒体查询。','21','2','0','2018-04-09 17:51:48','',''),(44,'1.确认是否微信商户年审，删除微信缴费功能2.修改痕迹工作时间控件','14','1','0','2018-04-10 14:27:04','',''),(45,'1.配置智慧园区环境，了解实现原理\n2.尝试添加文件下载功能','31','2','0','2018-04-10 17:58:16','',''),(46,'1，把用户的角色选项由“多选”改成了“单选”；2,优化梳理有关\"系统设置\"的代码，3，协助其他同事','24','2','0','2018-04-10 18:02:01','',''),(47,'扫描讯控档案并存储，设计京立资本腰线并跟进进行改进，搜索选购楼梯贴，搜寻隔音膜或其他隔音物品与赵总沟通，跟进埃特公关完成一周年活动邀请函初稿，设计完成并制作ceo办公室、咖啡厅、229讯控科技门牌，设计完成并制作微租、科海达门头确定安装日期。','11','1','0','2018-04-11 09:07:10','',''),(48,'1.微信开发平台年审，提交相关资料2.重新设计日报周报数据库并生成资源文件','14','1','0','2018-04-11 16:55:37','',''),(49,'1、填写昨日面试人员的面试审批表-3人\n2、完成智联网服务续费\n3、员工招聘、入职流程制作\n4、工作交接清单制作\n5、告知赵羚宇产假休假需提交资料\n6、新入职人员录用通知\n','26','3','0','2018-04-11 17:19:05','',''),(50,'人脸识别系统继续研发 了解传感器模块和自动获取数据的实现方法','30','2','0','2018-04-11 17:23:35','',''),(51,'1.制作京立资本web端首页\n2.协助谷相辰配置电力数据采集设备\n3.接待软著IP人员，介绍博之情况，准备材料申请软著。','29','2','0','2018-04-11 17:23:49','',''),(52,'1.查询实时动态图表，阅读修改demo\n2.和同事沟通工作内容，进行结构功能上的计划','31','2','0','2018-04-11 17:27:44','',''),(53,'修改营业收入净利润年份问题 以及申报时间下拉选项顺序问题 研究layui','21','2','0','2018-04-11 18:03:10','',''),(54,'修改优化京立项目库管理系统的查询功能，协助其他同事解决技术问题','24','2','0','2018-04-11 18:07:30','',''),(55,'会议讨论奥德集团项目情况，整理分布式能源运营数据','25','10','0','2018-04-11 19:35:06','',''),(56,'1.完成日报的功能的修改\n2.微信开放平台年审','14','1','0','2018-04-12 17:03:49','1.日报功能只能总体生成当天周报，不能分条生成',''),(57,'1.确定隔音方案选购隔音条\n2.确定158区域门牌方案\n3.设计制作风力火山logo','11','1','0','2018-04-12 17:17:58','158区域门牌方案因共享停车横版logo还未提供，环能沧海logo目前在更改所以暂未确定，明天需要及时跟进明天确定最终稿并制作安装。\n风林火山logo需更改并联系单总进行改进。',''),(58,'1、撰写风林火山企业服务有限公司相关制度/2、撰写综合部培训有关的内容；3、根据智企年报的反馈意见修改年报内容并上传，已通过审核；4、协助综合部，联系入驻企业，询问员工参与工会情况','13','1','0','2018-04-12 17:19:26','',''),(59,'上午去泽万琴行实地查看设备修改方法，并总结解决方案，下午与同事一起交接研究人脸识别系统，并学习微信小程序的开发，制作dome','30','2','0','2018-04-12 17:20:36','',''),(60,'1.研究jquery的相关用法。\n2.添加后台链接数据库模块\n3.对图表进行修改','31','2','0','2018-04-12 17:21:23','1.jquery不熟悉，继续学习\n2.后台代码还没有全部实现',''),(61,'1.1名员工办理就业-张朝林\n2.跟进1名员工失业信息更新问题-刘元\n3.发工作交接清单-赵羚宇\n4.1名员工公积金新开账户办理-张朝林\n5.2名员工公积金问题反馈-李红勇、刘元\n6.外勤办理1名员工就业、1名员工公积金','26','3','0','2018-04-12 17:21:45','',''),(62,'优化项目库系统，修复部分排版样式问题，调整适配，研究layui','21','2','0','2018-04-12 17:25:36','无','无'),(63,'筋斗云无人配送车项目回访','25','10','0','2018-04-12 17:30:36','',''),(66,'1.给官晓东办理公积金转移，由国册转至京立\n2.了解固定资产管理制度，编码方法，准备盘点固定资产并进行编号\n3.办理风林火山基本户开户','17','3','0','2018-04-12 17:40:33','',''),(67,'1.2017年2018年账套反结账反记账反审核重新修改科目凭证，增加新凭证，2017年重新记账结账出具报表资料，将2017年科目余额重新输入到2018年账套系统期初数据，重新修改2018年科目凭证，重新记账结账出具报表资料。\n2.根据审计要求编制2017年科目余额表、序时账、报表；2018年科目余额表、序时账、报表等。','16','3','0','2018-04-12 17:47:13','已经重新修改后的报表数据发送审计，待与审计后续够提供。',''),(68,'研究字段的后台管理；研究h5页面人脸捕捉；修改京立项目库分页功能','24','2','0','2018-04-12 17:48:49','',''),(69,'1.筹备团建：群里发布通知并说明注意事项、提醒拿物品、设计轰趴馆游戏环节、整理流程整理一遍确定均已安排妥当\n2.中心工会：向未收到反馈企业注意发送入会通知\n3.筹备中心一周年庆：确定蛋糕样式并订蛋糕、与策划方确定报价单和合同\n4.公众号推送文章：《日本科学家的AI独心术》\n5.与星瀚资本投资总结确定下周五线上课程事宜\n6.小助理微信号回复信息、发布通知。中胜张总反映：A区二楼冰箱附近有人打电话声音太大，影响办公','10','1','0','2018-04-12 17:57:58','6.已在群里提醒大家打电话声音小点，并跟吕总申请制作”轻声说话“提醒牌',''),(70,'1.整理现阶段负责工作，并与王瑜介绍我所负责的工作内容，后续将与王瑜转接工作。\n2.整理现工会会员回执的企业，并整理未通知企业，由胡岳与王萌莲进行通知和信息的收集。\n3.联系悦停工程师与网管对B区道闸系统故障排查','6','1','0','2018-04-12 19:14:38','经过悦停工程师与网管共同对故障排查，现排查结果问题有可能是接收器和相关联的硬件坏掉。双星物业通知负责他们监控系统的工厂需要周六或周天才可来维系，时间太久，我方商议后，先由悦停明天购买接收器和相关的配件进行调试，继续跟进。',''),(71,'完成周报自动生成功能，并添加相关权限','14','1','0','2018-04-13 09:15:38','',''),(72,'联系即时送汤总，了解企业情况，落实更换办公室工作。','8','1','0','2018-04-13 14:52:05','目前公司正收拾物品，下周即可调换办公室',''),(73,'优化项目库系统，研究回车触发事件，学习layui上传下载。','21','2','0','2018-04-13 14:53:02','',''),(74,'1、整理更新各类台账，目前中心实际入驻企业54家，虚拟注册119家；2、联系海搜、天图说明在周年活动上分享的事情；对中胜、一道等8家企业说明工会事项','13','1','0','2018-04-13 14:56:56','',''),(75,'1.准备和编写贯标材料\n2.催促拉手付款合同\n3.会议签到手机页面效果图','29','2','0','2018-04-16 17:46:43','',''),(76,'1.做百度云各方面的资源汇总给祁源莉2.联系移动徐总解决备案问题，现网络已通畅','14','1','0','2018-04-16 17:53:52','',''),(77,'修改优化会议签到系统的会员注册，会员现场签到页面与接口，ajax跨域访问等问题','24','2','0','2018-04-16 18:23:17','',''),(78,'利用tomcat改变http为https','31','2','0','2018-04-16 18:24:46','利用keystore',''),(79,'1.编写人脸签到大屏展示页面\n2.编写修改会议报名页面\n','21','2','0','2018-04-16 18:24:49','',''),(80,'1.把2017年2018年账套反结账反记账反审核重新修改2017年2018年部分凭证，重新结转2017年2018年损益，重新记账结账将2017年期末余额重新录入2018年账套系统。\n2.2017年2018年管理费用明细账；2017年2018年序时账，2017年2018年财务报表，2017年2018年科目余额表等。\n3.国册、博之、四象、京立个税申报。\n4.统计局灵基报表数据需要修改对比去年同期数据。','16','3','0','2018-04-16 18:50:38','',''),(82,'1、筛选简历电话通知面试6人\n2、基金风控经理录用通知1人\n3、面试百度创新中心销售专员2人\n4、1人签订劳动合同-张朝林\n5、销售专员录用通知1人\n6、公积金新开账户表单打印盖章1人\n7、制作录用通知表','26','3','0','2018-04-17 17:08:58','',''),(83,'天下拉手尽职调查清单整理','25','10','0','2018-04-17 17:27:40','',''),(84,'1.跟软交所于萍签订合同并邮寄，准备软件说明书、代码、申请单等\n2.周报系统在中心网站底部链接已加入，可通过中心网站的打开，中心网站www.bdqdic.com','14','1','0','2018-04-17 17:49:42','',''),(85,'1.修改人脸签到大屏展示页面\n2. 修改数据显示格式的问题以及排版问题\n3.继续修改会议报名页面','21','2','0','2018-04-17 17:54:24','',''),(86,'学习hibernate数据库，ajax（）跨域，\n文件下载触发事件','31','2','0','2018-04-17 18:13:31','文件下载触发事件没有全部完成',''),(87,'1.配合审计修改报告格式，打印准备相关资料。沟通付款发票及后续年度鉴证所得税报告事宜。\n2.申报国册、博之第一季度所得税、增值税、附加税。\n3.去税务局大厅部门、退税科长沟通2017年度3月冲红100万发票事宜。\n4.沟通资产评估凌总之前资产评估报告数据因为审计报告数据修改需要重新提供。','16','3','0','2018-04-17 18:18:45','2017年3月记账公司开具发票缴纳29126.2增值税（2017年3月开发票14563.1+2017年3月开发票14563.1）。4月6月冲回发票（2017-4-60# 6-11#），税务局需要将此税金退回我们。按照税务局要求在每季度报税时期分次办理退税。第2季度第3季度一共退税20375.52.第4季度有特殊情况，我公司为普通纳税人第一次开具专票，经过与税务局沟通专票的税金1843.33（发票系统是1843.31 税务局扣税系统是1843.33咨询税务答复不联网正常按照税务局网申报1843.33 所以多缴纳2分钱）正常缴纳，只能退普票的税金5950.48。2017年年底税务局欠税2800.2于2018年继续办理。\n2017年第二季度收入-40378.41+第三季度112097.09+第四季度198349.52=93339.8  所以2017年年底欠收入93339.8的税2800.2\n2018年第一季度收入总额122582.91-93339.8=29243.1 只需缴纳877.29税金\n税务局系统按照2018年第一季度格式不允许收入低于9万申报，系统显示需要缴纳122582.91的税金3677.49.去税务局大厅联系税务科长，通过多途径沟通，科长开通绿色通道讲此业务特殊办理。此业务全部结束。\n',''),(88,'1.一周年盛典：撰写新闻稿、完善主持词、制作活动现场流程表、现场分工表、物料清单、对接策划方布置现场\n2.团建：与轰趴馆、农场对接发票事宜\n3.投资专题线上培训：发布通知\n4.公众号推送一篇文章\n5.微博、今日头条推送各一条','10','1','0','2018-04-17 19:34:16','',''),(89,'周一 ：1.去各企业派发一周年派对邀请函，并告知活动时间事宜，统计参加人数。2.制作先上培训海报\n周二：1.监督安装门头。2.确认门牌制作方案开始制作并督促安装。3.确定腰线并开始制作。4.整理安排一周年场地。','11','1','0','2018-04-18 08:59:48','暂无',''),(90,'1.一周年庆典直播，发放手环礼物等2.联系百度云客服处理后台问题，提交工单下载财务清单，并整理3.整理每个企业每月的消耗表发送给李总','14','1','0','2018-04-18 13:53:59','',''),(91,'1.补审计资料、报表资料打印；合同修改。\n2.国册、博之、京立税务申报期最后一天，国税、地税报税系统检查申报增值税、所得税、增值税附加税、个税。\n3.与审计沟通2017年鉴证所得说报告需要准备的账务资料及调账事宜。\n','16','3','0','2018-04-18 14:50:19','2016年2017年2018年资产负债表、利润表；2016年2017年2018年科目余额表；2016年2017年2018年管理费用科目明细账；合同修改扫描等。',''),(92,'走访一道视频；完成天下拉手尽调目录','25','10','0','2018-04-18 17:25:55','',''),(93,'1.网管的发票送给赵越，并填写付款申请单签字2.痕迹工作请假记录功能页面、功能开发完成3.协助网管维修并做记录表','14','1','0','2018-04-19 13:37:57','',''),(94,'1.整理博之项目进程\n2.参加泽万智能娱乐项目需求会','29','2','0','2018-04-19 14:08:51','',''),(95,'与泽万琴行李总进行项目实施具体会议分析，智能电表数据获取操作','30','2','0','2018-04-19 16:34:34','无','无'),(96,'完善了爬虫并测试爬取创业邦网站上的相关数据','32','2','0','2018-04-19 16:36:11','反爬虫设计不过关导致ip段被禁止访问。准备设置ip池通过代理重新访问',''),(97,'1、一周年庆典：与摄影师对接照片、新闻稿终稿确定、对接付款事宜\n2、与李沧团区委对接，上报入驻企业：青岛帕沃思智能科技有限公司张衍昌、青岛中浩文化传媒有限公司王玲玲两位创客为“李沧区2016-2017年度优秀青年创客”。\n3、公众号推送：《百度青岛创新中心正式启动一周年！助力创业企业50余家！》\n4、微博、今日头条推送2条\n5、上交百度周活动总结：一周年盛典\n6、小助理微信号：回复一家企业的咨询、回复七度生活网络问题、推送朋友圈','10','1','0','2018-04-19 16:39:53','',''),(98,'1.配合网管维修223室门禁系统，目前门禁可以正常使用。\n2.为京立粘贴楼梯贴及隔音贴\n','11','1','0','2018-04-19 16:56:31','',''),(99,'1.与徐律师沟通修改京立协会登记材料，并将补充材料送徐律师公司；\n2.与陈总核对京立协会登记材料并提交审核；\n3.缴纳京立电费并咨询过户事宜','15','10','0','2018-04-19 16:59:05','无','无'),(100,'1.审计报告与金水、资产评估对接。\n2.准备资产评估所需要资料。','16','3','0','2018-04-19 17:15:54','',''),(101,'天下拉手项目可行性分析及讨论','25','10','0','2018-04-19 17:44:45','',''),(102,'修改人脸签到系统页面排版，对部分页面进行屏幕适配。','21','2','0','2018-04-19 17:55:36','',''),(103,'1、面试邀约-3人\n2、录用通知确认-1人\n3、新入职员工办理入职手续-孙艳\n4、考勤制度补充完善\n5、跟进安排面试-2人\n6、转正人员劳动合同签订-3人\n7、请假单收集-1人\n8、工作内容指导-张总','26','3','0','2018-04-19 17:57:04','',''),(104,'添加三个项目管理模块，修改贷款管理，分开个人和公司','31','2','0','2018-04-19 18:10:52','',''),(105,'修改会议签到后台接口，研究分析了数据库日志和人脸登录功能','24','2','0','2018-04-19 22:29:58','',''),(106,'1.接待李沧区人社局相关领导对接人才政策落实情况。\n2.交接百度周报给王瑜，审核并报送百度周报。\n3.整理企业服务部岗位职责和风林火山岗位职责。\n4.对接火焰熊贯标业务接洽时间，安排孙艳跟进。','12','1','0','2018-04-20 13:37:53','风林火山公司管理制度，包括人事管理制度、合同管理制度、销售管理制度等等需要进一步修改完善',''),(107,'1.更新六边形企业展示区logo\n2.完善注册企业税号，比对注册名称及注册地并汇总','11','1','0','2018-04-20 13:48:10','',''),(108,'1.重新部署上线痕迹工作法、周报系统2.查找周报系统用户删除bug并修改3.给李总发送所有代付资源账单4.解决偶现二维码扫码开锁失效问题，联系马豪杰、网管查找问题，可能为移动网络不稳定造成','14','1','0','2018-04-20 14:42:28','',''),(109,'1.与李沧团区委对接，推荐上报帕沃思张衍昌、维界赵天泽为2016-2017年度优秀青年创客\n2.筹备第8季项目养成计划，初定下周四举办，已确认案例企业：一道\n3.一周年活动：与埃特、财务对接付款事宜、底片存档、媒体报道存档、活动具体情况入档\n4.上报百度本周活动总结：一周年盛典（4.19日）\n5.举办融资专题线上培训：星瀚资本投资总监\n6.与出纳对接购买月咖奖品事宜\n7.公众号：推送图片1张\n8.今日头条推送1条，微博推送2条\n9.小助理微信号：朋友圈推送2条，回复对接中胜、七度生活有线网络问题、火焰熊共享停车问题','10','1','0','2018-04-20 16:22:17','',''),(110,'1、协助祁姐接待人社局领导，说明中心基本情况，对中心企业人才的建设等进行了交流。2、整理更新台账内容，整理各类业务进度表。','13','1','0','2018-04-20 16:29:57','',''),(111,'完成页面适配，编写平板登录页面以及会议展示页面，签到页面','21','2','0','2018-04-20 16:34:51','',''),(112,'1.沟通资产评估与审计重新修改报告。\n2.青岛速霸数控冲红发票。','16','3','0','2018-04-20 16:56:08','1.重新提供2016年记账公司做错的凭证数据，将2017年调整的数据进行报表格式还原。与审计重新修订2016年资产负债表、利润表、明细表、汇总表。\n2.负责发票的同事应该注意签订合同公司名称、付款公司名称、和开具发票公司名称一致。',''),(113,'保障条款学习整理汇总','25','10','0','2018-04-20 17:16:25','',''),(114,'落实贝奇调换办公室等事宜','8','1','0','2018-04-20 17:21:19','208房间合同尚未到期，下周即可腾出',''),(115,'联系一道、东篱南山、火焰熊缴费续签合同','8','1','0','2018-04-20 17:23:38','',''),(116,'整理《中心入驻企业注意事项》明白纸','8','1','0','2018-04-20 17:23:57','',''),(117,'整理中心入驻企业税号等资料','8','1','0','2018-04-20 17:24:19','',''),(118,'落实金水讯飞调换办公室、缴费入驻等事宜','8','1','0','2018-04-20 17:24:41','',''),(119,'1.跟进安排面试2人\n2.招聘岗位信息发布3个岗位\n3.考勤制度完善\n4.录用通知2人\n5.电话通知面试2人\n6.外勤办理社保及公积金业务','26','3','0','2018-04-20 17:36:12','',''),(120,'为爬虫项目设置ip池，准备足够的ip，并测试连通性，给爬虫加装ip代理','32','2','0','2018-04-20 17:41:46','',''),(121,'1，修改优化会议签到系统；\n2，解决金融贷款系统的个人贷款与公司贷款切换的问题','24','2','0','2018-04-20 17:42:14','',''),(122,'进行实验智慧电表抄写数据。并将智慧农业获取的数据传入数据库，查看位置定位接口。','30','2','0','2018-04-20 17:42:30','无','无'),(123,'1.整理贯标文件\n2.分离个人和公司贷款','31','2','0','2018-04-20 17:47:38','',''),(124,'1.根据胡岳、王萌莲收集的企业工会信息表，进行汇总登记，\n2.对接李沧区工会，根据组建程序，撰写工会成立请示\n3.整理撰写工作职责','6','1','0','2018-04-20 17:48:45','',''),(125,'1.根据审计报告修改资产评估国册、博之评估明细表。\n2.打印资产评估需要的纸质材料清单。\n3.处理先前冲红发票。','16','3','0','2018-04-23 16:49:57','准备了营业执照、章程、合同；会计报表及审计报告；公司员工花名册；公司简介；社保缴费单据；科目余额表。','明日资产评估到公司查账，现场配合。'),(126,'整理学习VC投资托底法律协议','25','10','0','2018-04-23 17:35:23','',''),(127,'到国家电网文昌路供电公司领取电表更名申请表并准备相应材料','15','10','0','2018-04-23 17:36:31','无','无'),(128,'1.给麻泽昊订酒店\n2.滴滴企业账号充值，并设置权限','17','3','0','2018-04-23 17:40:00','',''),(129,'个人和公司贷款业务分离','31','2','0','2018-04-23 17:40:25','',''),(130,'1， 修改优化会议签到系统，包含修改所有页面的提示信息样式等； \n2，编写平板签到的后台接口','24','2','0','2018-04-23 17:42:16','',''),(131,'1、办理新员工入职1人-销售专员张丹\n2、沟通录用人员1人-博之徐华文\n3、电话邀约面试-2人\n4、发布招聘岗位信息-风林火山销售主管\n5、生日会策划问题反馈\n5、','26','3','0','2018-04-23 17:52:00','',''),(132,'优化人脸签到移动端页面，解决背景无法全屏的问题，并连接后台接口，将数据显示出来。','21','2','0','2018-04-23 17:52:44','',''),(133,'优化爬虫架构，测试IP代理可用性，修复数据库连接问题','32','2','0','2018-04-23 22:25:22','网络波动无法打开国外的网站，数据库驱动安装错误',''),(134,'周一:\n1.监督安装六边形、腰线、门牌\n2.与得众能源沟通门头事宜，确定门头方案\n周二：\n1.确定需要更改的门牌进行制作\n2.设计地贴画面','11','1','0','2018-04-24 15:27:03','',''),(135,'1.设计审批功能详情，确认权限、上传文件、审批操作、审批流程等需求\n2.确认软著开票，邮寄，以及后续事宜\n3.跟王晨阳对接了车位、门禁、网管等工作事宜','14','1','0','2018-04-23 16:28:21','',''),(136,'1.开始做审批列表页面，包括添加、列表、操作、内容等','14','1','0','2018-04-24 16:55:49','',''),(137,'1、第八季项目养成计划：与导师确定时间 ；与一道、维界联系通知参加活动，发布通知；2、中心工会建立：确定工会班子成员、候选人名单 3、一周年盛典发票事宜处理完毕 4、今日头条：推送2条  5、微博：推送2条 6、公众号：推送1张照片  7、微信号运营：朋友圈推送3条','10','1','0','2018-04-24 17:16:13','',''),(138,'1.继续跟进工会成立会员信息表的收集汇总；\n2.对接李沧区工会负责人，进行下一步工会成立的准备工作，需要先拟定7人工会委员会名单，并上报金水公司进行批复；\n3.根据人事要求，填写休假前的交接单，及其他准备工作','6','1','0','2018-04-24 17:35:00','',''),(139,'和胡岳对接相关工作，分配市场部人员下一步工作职责分工','8','1','0','2018-04-24 17:37:48','',''),(140,'对接赵羚宇，了解综合部下一步人员职责分工','8','1','0','2018-04-24 17:39:06','',''),(141,'1、应聘人员简历筛选\n2、电话通知面试3人\n3、跟进安排面试1人-风林火山\n4、面试职业性格测试题目排查\n5、风林火山绩效考核制度讨论','26','3','0','2018-04-24 17:46:45','',''),(142,'修改优化会议签到系统，包含注册登陆页面，用户端的会议详情查看，管理的会议管理等页面以及后台代码','24','2','0','2018-04-24 18:24:47','',''),(143,'完善会议签到系统pad端，调整样式，与唐晓茹做了交接，完成项目部署，熟悉项目，解决贷款系统部分问题。','21','2','0','2018-04-24 18:29:37','',''),(144,'交接工作内容','31','2','0','2018-04-24 18:32:21','',''),(145,'与祁源莉交接周报相关事项\n协助四合、塞恩斯、东洋炭素、圣达沃进行水表更名，到金水盖章，送至自来水公司\n项目养成计划活动前的准备以及直播拍照','7','1','0','2018-04-25 15:16:12','',''),(146,'1.办理风林火山防伪税控，购买发票\n2.配合资产评估填写现金盘点及追溯表\n3.办理更换中心水费发票','17','3','0','2018-04-25 17:20:15','',''),(147,'1.资产评估方来公司收集资料进行配合。\n2.国册发票使用完毕，整理冲红发票、作废发票、负数发票联次，准备新购买发票手续，购买新发票。','16','3','0','2018-04-25 17:21:33','',''),(148,'办理甲-12电表更名手续','15','10','0','2018-04-25 17:23:02','无','等电力公司通知签合同'),(149,'1、二次面试通知、答复-风林火山销售专员\n2、员工通讯录信息更新\n3、转正人员公积金补收操作-2人\n4、风林火山员工手册修改讨论\n5、筛选职业性格测试题共3套待确认\n6、招聘信息发布-风林火山知识产权顾问\n','26','3','0','2018-04-25 17:29:34','',''),(150,'1.准备项目养成计划企业bp及现场设备\n2.检查所有已入驻企业档案，并记录有问题或缺少档案','11','1','0','2018-04-25 17:50:33','',''),(151,'编写京立资本项目库管理系统使用手册；修改优化会议签到系统','24','2','0','2018-04-25 18:43:21','',''),(152,'1.修复签到系统移动端传值问题\n2.修改金融贷款系统贷款页面以及审核页面\n3.研究文件下载','21','2','0','2018-04-25 18:47:48','',''),(153,'解决bug，修复爬虫项目数据库方面问题','32','2','0','2018-04-25 22:05:49','',''),(154,'1.周报系统软著付款单填写2.开发周报审核功能时间轴功能','14','1','0','2018-04-26 14:41:55','',''),(155,'1.协助移动、网管查找问题、七度问题解决、悦停移动继续跟进\n2.协助网管处理215办公室电话线问题\n3.开发周报文件上传功能','14','1','0','2018-04-26 14:43:33','悦停问题移动继续跟进',''),(156,'1.办理京立宽带、固话过户手续；\n2.整理星瀚资本赵总监分享材料','15','10','0','2018-04-26 14:56:18','无','无');

/*Table structure for table `shenpi` */

DROP TABLE IF EXISTS `shenpi`;

CREATE TABLE `shenpi` (
  `id` int(11) NOT NULL AUTO_INCREMENT,
  `content` text,
  `file` text,
  `publish` int(11) DEFAULT NULL,
  `state` int(11) DEFAULT '0' COMMENT '状态 0进行中 1已完成 -1回退 -2拒绝',
  PRIMARY KEY (`id`)
) ENGINE=MyISAM AUTO_INCREMENT=3 DEFAULT CHARSET=utf8 COMMENT='审批';

/*Data for the table `shenpi` */

insert  into `shenpi`(`id`,`content`,`file`,`publish`,`state`) values (1,'1','C:\\Users\\wangxiaowen\\Desktop\\jinshuipro\\后台工程\\zhoubao\\jfinal_demo\\WebRoot\\upload\\Xshell.exe',18,0),(2,'',NULL,18,1);

/*Table structure for table `user` */

DROP TABLE IF EXISTS `user`;

CREATE TABLE `user` (
  `id` int(11) NOT NULL AUTO_INCREMENT,
  `tel` varchar(255) DEFAULT '',
  `username` varchar(255) DEFAULT NULL,
  `pwd` varchar(255) DEFAULT NULL,
  `depid` varchar(255) DEFAULT NULL,
  `power` varchar(255) DEFAULT '0' COMMENT '领导标志',
  `email` varchar(255) DEFAULT NULL,
  `istrue` varchar(255) DEFAULT NULL,
  PRIMARY KEY (`id`)
) ENGINE=MyISAM AUTO_INCREMENT=45 DEFAULT CHARSET=utf8 ROW_FORMAT=DYNAMIC;

/*Data for the table `user` */

insert  into `user`(`id`,`tel`,`username`,`pwd`,`depid`,`power`,`email`,`istrue`) values (6,'13012121212','a','1','1','0',NULL,'1'),(7,'13012121213','s','1','1','0',NULL,'1'),(8,'13012121214','d','1','1','0',NULL,'1'),(9,'13012121215','f','1','1','0',NULL,'1'),(10,'13012121216','g','950305','1','0',NULL,'1'),(11,'13012121217','h','1','1','0',NULL,'1'),(12,'13012121218','j','1','1','0',NULL,'1'),(13,'13012121219','k','1','1','0',NULL,'1'),(14,'13012121220','l','1','1','0',NULL,'1'),(15,'13012121221','q','1','10','0',NULL,'1'),(16,'13012121222','w','1','3','0',NULL,'1'),(17,'13012121223','e','1','3','0',NULL,'1'),(18,'13012121224','r','1','3','3',NULL,'1'),(19,'13012121225','t','1','2','2',NULL,'1'),(20,'13012121226','y','1','1','1',NULL,'1'),(21,'13012121227','u','1','2','0',NULL,'1'),(24,'13012121228','i','1','2','0','','1'),(25,'13012121229','o','1','10','0','','1'),(26,'13012121230','p','1','3','0','','1'),(27,'13012121231','z','1','1','0','','1'),(28,'13012121232','x','1','1','0','','1'),(29,'13012121233','c','1','2','0','','1'),(30,'13012121234','v','1','2','0','','1'),(31,'13012121235','b','1','2','0','','1'),(32,'13012121236','n','1','2','0','','1'),(42,'13012121237','m','1','10','10',NULL,'1'),(43,'13012121238','b','1','1','0',NULL,'1');

/*Table structure for table `zb` */

DROP TABLE IF EXISTS `zb`;

CREATE TABLE `zb` (
  `id` int(11) NOT NULL AUTO_INCREMENT,
  `content` text COMMENT '周报内容',
  `time` timestamp NULL DEFAULT CURRENT_TIMESTAMP,
  `isedit` varchar(255) DEFAULT '' COMMENT '0否1是不是',
  `userid` varchar(255) DEFAULT '' COMMENT '用户id',
  `img` varchar(255) DEFAULT '' COMMENT '附件',
  `depid` varchar(255) DEFAULT NULL COMMENT '部门id',
  `type` varchar(255) DEFAULT NULL COMMENT '周报类型 0这周1下周',
  `weekinfo` text COMMENT '这周其他信息',
  `admin` varchar(255) DEFAULT NULL COMMENT '添加者',
  `weekofyear` int(11) DEFAULT '0',
  PRIMARY KEY (`id`)
) ENGINE=MyISAM AUTO_INCREMENT=94 DEFAULT CHARSET=utf8 ROW_FORMAT=DYNAMIC;

/*Data for the table `zb` */

insert  into `zb`(`id`,`content`,`time`,`isedit`,`userid`,`img`,`depid`,`type`,`weekinfo`,`admin`,`weekofyear`) values (91,'[\"[\\\"周报系统用户管理导入新数据\\\",\\\"本周\\\",\\\"已经将全部同事按照通讯录，录入系统\\\",\\\"无\\\",\\\"无\\\",\\\"无\\\"]\",\"[\\\"周报修改密码功能修改\\\",\\\"本周\\\",\\\"功能修改成功，新版上线\\\",\\\"无\\\",\\\"无\\\",\\\"无\\\"]\",\"[\\\"周报上传功能及修改\\\",\\\"本周\\\",\\\"上传功能优化，新版本上线\\\",\\\"无\\\",\\\"无\\\",\\\"无\\\"]\",\"[\\\"新版本重新部署\\\",\\\"本周\\\",\\\"部署完成\\\",\\\"无\\\",\\\"无\\\",\\\"无\\\"]\",\"[\\\"文字性提示修改\\\",\\\"本周\\\",\\\"所有文字性提示按照要求修改完成\\\",\\\"无\\\",\\\"无\\\",\\\"无\\\"]\",\"[\\\"请假权限重新修改\\\",\\\"本周\\\",\\\"目前按照所有人可见修改\\\",\\\"无\\\",\\\"无\\\",\\\"无\\\"]\",\"[\\\"：请假控件修改\\\",\\\"本周\\\",\\\"请假控件按照要求修改\\\",\\\"无\\\",\\\"无\\\",\\\"无\\\"]\",\"[\\\"请假功能添加近一个月请假记录\\\",\\\"本周\\\",\\\"按照要求添加请假记录功能\\\",\\\"无\\\",\\\"无\\\",\\\"无\\\"]\",\"[\\\"删除\\\",\\\"本周\\\",\\\"删除\\\",\\\"无\\\",\\\"无\\\",\\\"无\\\"]\",\"[\\\"记录中心网络维修\\\",\\\"本周\\\",\\\"完成中心网络维修记录表\\\",\\\"无\\\",\\\"中心网络维修表在附件中\\\",\\\"无\\\"]\"]','2018-04-10 09:53:40','','14','中心网络维修记录.docx','1','0','{\"depremark\":\"\",\"weekofyear\":\"15\",\"userremark\":\"\",\"workremark\":\"\"}','14',15),(92,'[\"[\\\"无\\\",\\\"无\\\",\\\"无\\\",\\\"无\\\",\\\"无\\\",\\\"无\\\"]\"]','2018-04-11 17:20:39','','6','','1','0','{\"depremark\":\"\",\"weekofyear\":\"15\",\"userremark\":\"\",\"workremark\":\"\"}','24',15),(93,'[\"[\\\"尝试修改echas页面\\\",\\\"周五\\\",\\\"完成\\\",\\\"无\\\",\\\"等待数据测试\\\",\\\"无\\\"]\",\"[\\\"开始研究智慧园区页面\\\",\\\"周四\\\",\\\"完成\\\",\\\"无\\\",\\\"对jfnail框架了解\\\",\\\"无\\\"]\",\"[\\\"将贷款管理和审核功能分开\\\",\\\"周三\\\",\\\"完成\\\",\\\"无\\\",\\\"通过后台代码\\\",\\\"无\\\"]\",\"[\\\"调整页面格式\\\",\\\"周二\\\",\\\"完成\\\",\\\"无\\\",\\\"利用css等特性实现\\\",\\\"无\\\"]\",\"[\\\"显示图片到页面\\\",\\\"周一\\\",\\\"完成\\\",\\\"文件还没有实现\\\",\\\"上网查找资料\\\",\\\"无\\\"]\"]','2018-04-15 14:29:08','','31','','2','0','{\"depremark\":\"增加金融贷款文件下载功能\",\"weekofyear\":\"16\",\"userremark\":\"\",\"workremark\":\"75分\"}','31',16);

/*!40101 SET SQL_MODE=@OLD_SQL_MODE */;
/*!40014 SET FOREIGN_KEY_CHECKS=@OLD_FOREIGN_KEY_CHECKS */;
/*!40014 SET UNIQUE_CHECKS=@OLD_UNIQUE_CHECKS */;
/*!40111 SET SQL_NOTES=@OLD_SQL_NOTES */;
